"subject_uri","property_uri","object_uri","label","import_metadata"
"http://dbpedia.org/resource/Domenico_Maria_Novara_da_Ferrara","http://dbpedia.org/property/field","http://dbpedia.org/resource/Astronomy","Astronomy","20221213_1"
"http://dbpedia.org/resource/Scipione_del_Ferro","http://dbpedia.org/property/field","http://dbpedia.org/resource/Mathematics","Mathematics","20221213_1"
"http://dbpedia.org/resource/Nicolaus_Copernicus","http://dbpedia.org/property/field","http://dbpedia.org/resource/Astronomy","Astronomy","20221213_1"
"http://dbpedia.org/resource/Nicolaus_Copernicus","http://dbpedia.org/property/field","http://dbpedia.org/resource/Canon_law_of_the_Catholic_Church","Canon law of the Catholic Church","20221213_1"
"http://dbpedia.org/resource/Matteo_Tafuri","http://dbpedia.org/property/field","http://dbpedia.org/resource/Astrology","Astrology","20221213_1"
"http://dbpedia.org/resource/Matteo_Tafuri","http://dbpedia.org/property/field","http://dbpedia.org/resource/Medicine","Medicine","20221213_1"
"http://dbpedia.org/resource/Matteo_Tafuri","http://dbpedia.org/property/field","http://dbpedia.org/resource/Philosophy","Philosophy","20221213_1"
"http://dbpedia.org/resource/Adam_Ries","http://dbpedia.org/property/field","http://dbpedia.org/resource/Mathematics","Mathematics","20221213_1"
"http://dbpedia.org/resource/Francesco_Maurolico","http://dbpedia.org/property/field","http://dbpedia.org/resource/Astronomy","Astronomy","20221213_1"
"http://dbpedia.org/resource/Francesco_Maurolico","http://dbpedia.org/property/field","http://dbpedia.org/resource/Geometry","Geometry","20221213_1"
"http://dbpedia.org/resource/Francesco_Maurolico","http://dbpedia.org/property/field","http://dbpedia.org/resource/Mathematics","Mathematics","20221213_1"
"http://dbpedia.org/resource/Francesco_Maurolico","http://dbpedia.org/property/field","http://dbpedia.org/resource/Mechanics","Mechanics","20221213_1"
"http://dbpedia.org/resource/Francesco_Maurolico","http://dbpedia.org/property/field","http://dbpedia.org/resource/Conic_section","Conic section","20221213_1"
"http://dbpedia.org/resource/Francesco_Maurolico","http://dbpedia.org/property/field","http://dbpedia.org/resource/Music","Music","20221213_1"
"http://dbpedia.org/resource/Francesco_Maurolico","http://dbpedia.org/property/field","http://dbpedia.org/resource/Optics","Optics","20221213_1"
"http://dbpedia.org/resource/Oronce_Finé","http://dbpedia.org/property/field","http://dbpedia.org/resource/Cartography","Cartography","20221213_1"
"http://dbpedia.org/resource/Niccolò_Fontana_Tartaglia","http://dbpedia.org/property/field","http://dbpedia.org/resource/Engineering","Engineering","20221213_1"
"http://dbpedia.org/resource/Niccolò_Fontana_Tartaglia","http://dbpedia.org/property/field","http://dbpedia.org/resource/Mathematics","Mathematics","20221213_1"
"http://dbpedia.org/resource/Erasmus_Reinhold","http://dbpedia.org/property/field","http://dbpedia.org/resource/Mathematician","Mathematician","20221213_1"
"http://dbpedia.org/resource/Erasmus_Reinhold","http://dbpedia.org/property/field","http://dbpedia.org/resource/Astronomer","Astronomer","20221213_1"
"http://dbpedia.org/resource/Georg_Joachim_Rheticus","http://dbpedia.org/property/field","http://dbpedia.org/resource/Mathematician","Mathematician","20221213_1"
"http://dbpedia.org/resource/Georg_Joachim_Rheticus","http://dbpedia.org/property/field","http://dbpedia.org/resource/Astronomer","Astronomer","20221213_1"
"http://dbpedia.org/resource/Lodovico_Ferrari","http://dbpedia.org/property/field","http://dbpedia.org/resource/Mathematics","Mathematics","20221213_1"
"http://dbpedia.org/resource/John_Dee","http://dbpedia.org/property/field","http://dbpedia.org/resource/Alchemy","Alchemy","20221213_1"
"http://dbpedia.org/resource/John_Dee","http://dbpedia.org/property/field","http://dbpedia.org/resource/Astrology","Astrology","20221213_1"
"http://dbpedia.org/resource/John_Dee","http://dbpedia.org/property/field","http://dbpedia.org/resource/Navigation","Navigation","20221213_1"
"http://dbpedia.org/resource/John_Dee","http://dbpedia.org/property/field","http://dbpedia.org/resource/Mathematics","Mathematics","20221213_1"
"http://dbpedia.org/resource/John_Dee","http://dbpedia.org/property/field","http://dbpedia.org/resource/Hermeticism","Hermeticism","20221213_1"
"http://dbpedia.org/resource/Giambattista_Benedetti","http://dbpedia.org/property/field","http://dbpedia.org/resource/Mathematician","Mathematician","20221213_1"
"http://dbpedia.org/resource/Christopher_Clavius","http://dbpedia.org/property/field","http://dbpedia.org/resource/Mathematician","Mathematician","20221213_1"
"http://dbpedia.org/resource/Christopher_Clavius","http://dbpedia.org/property/field","http://dbpedia.org/resource/Astronomer","Astronomer","20221213_1"
"http://dbpedia.org/resource/Ludolph_van_Ceulen","http://dbpedia.org/property/field","http://dbpedia.org/resource/Mathematics","Mathematics","20221213_1"
"http://dbpedia.org/resource/Ostilio_Ricci","http://dbpedia.org/property/field","http://dbpedia.org/resource/Mathematician","Mathematician","20221213_1"
"http://dbpedia.org/resource/François_Viète","http://dbpedia.org/property/field","http://dbpedia.org/resource/Astronomy","Astronomy","20221213_1"
"http://dbpedia.org/resource/François_Viète","http://dbpedia.org/property/field","http://dbpedia.org/resource/Mathematics","Mathematics","20221213_1"
"http://dbpedia.org/resource/François_Viète","http://dbpedia.org/property/field","http://dbpedia.org/resource/Trigonometry","Trigonometry","20221213_1"
"http://dbpedia.org/resource/John_Napier","http://dbpedia.org/property/field","http://dbpedia.org/resource/Mathematician","Mathematician","20221213_1"
"http://dbpedia.org/resource/Petrus_Plancius","http://dbpedia.org/property/field","http://dbpedia.org/resource/Cartography","Cartography","20221213_1"
"http://dbpedia.org/resource/Petrus_Plancius","http://dbpedia.org/property/field","http://dbpedia.org/resource/Theology","Theology","20221213_1"
"http://dbpedia.org/resource/Jost_Bürgi","http://dbpedia.org/property/field","http://dbpedia.org/resource/Mathematician","Mathematician","20221213_1"
"http://dbpedia.org/resource/Petrus_Ryff","http://dbpedia.org/property/field","http://dbpedia.org/resource/Astronomy","Astronomy","20221213_1"
"http://dbpedia.org/resource/Petrus_Ryff","http://dbpedia.org/property/field","http://dbpedia.org/resource/Mathematics","Mathematics","20221213_1"
"http://dbpedia.org/resource/Petrus_Ryff","http://dbpedia.org/property/field","http://dbpedia.org/resource/Medicine","Medicine","20221213_1"
"http://dbpedia.org/resource/Robert_Hues","http://dbpedia.org/property/field","http://dbpedia.org/resource/Mathematics","Mathematics","20221213_1"
"http://dbpedia.org/resource/Robert_Hues","http://dbpedia.org/property/field","http://dbpedia.org/resource/Geography","Geography","20221213_1"
"http://dbpedia.org/resource/Henry_Briggs_(mathematician)","http://dbpedia.org/property/field","http://dbpedia.org/resource/Mathematician","Mathematician","20221213_1"
"http://dbpedia.org/resource/Henry_Briggs_(mathematician)","http://dbpedia.org/property/field","http://dbpedia.org/resource/Astronomer","Astronomer","20221213_1"
"http://dbpedia.org/resource/Christen_Sørensen_Longomontanus","http://dbpedia.org/property/field","http://dbpedia.org/resource/Astronomy","Astronomy","20221213_1"
"http://dbpedia.org/resource/Galileo_Galilei","http://dbpedia.org/property/field","http://dbpedia.org/resource/Astronomy","Astronomy","20221213_1"
"http://dbpedia.org/resource/Galileo_Galilei","http://dbpedia.org/property/field","http://dbpedia.org/resource/Engineering","Engineering","20221213_1"
"http://dbpedia.org/resource/Galileo_Galilei","http://dbpedia.org/property/field","http://dbpedia.org/resource/Mathematics","Mathematics","20221213_1"
"http://dbpedia.org/resource/Galileo_Galilei","http://dbpedia.org/property/field","http://dbpedia.org/resource/Physics","Physics","20221213_1"
"http://dbpedia.org/resource/Galileo_Galilei","http://dbpedia.org/property/field","http://dbpedia.org/resource/Natural_philosophy","Natural philosophy","20221213_1"
"http://dbpedia.org/resource/Johannes_Kepler","http://dbpedia.org/property/field","http://dbpedia.org/resource/Astrology","Astrology","20221213_1"
"http://dbpedia.org/resource/Johannes_Kepler","http://dbpedia.org/property/field","http://dbpedia.org/resource/Astronomy","Astronomy","20221213_1"
"http://dbpedia.org/resource/Johannes_Kepler","http://dbpedia.org/property/field","http://dbpedia.org/resource/Mathematics","Mathematics","20221213_1"
"http://dbpedia.org/resource/Johannes_Kepler","http://dbpedia.org/property/field","http://dbpedia.org/resource/Natural_philosophy","Natural philosophy","20221213_1"
"http://dbpedia.org/resource/Adriaan_Metius","http://dbpedia.org/property/field","http://dbpedia.org/resource/Geometry","Geometry","20221213_1"
"http://dbpedia.org/resource/Adriaan_Metius","http://dbpedia.org/property/field","http://dbpedia.org/resource/Astronomer","Astronomer","20221213_1"
"http://dbpedia.org/resource/Johann_Bayer","http://dbpedia.org/property/field","http://dbpedia.org/resource/Astronomy","Astronomy","20221213_1"
"http://dbpedia.org/resource/Johann_Bayer","http://dbpedia.org/property/field","http://dbpedia.org/resource/Jurisprudence","Jurisprudence","20221213_1"
"http://dbpedia.org/resource/Simon_Marius","http://dbpedia.org/property/field","http://dbpedia.org/resource/Astronomy","Astronomy","20221213_1"
"http://dbpedia.org/resource/Benedetto_Castelli","http://dbpedia.org/property/field","http://dbpedia.org/resource/Mathematician","Mathematician","20221213_1"
"http://dbpedia.org/resource/Godefroy_Wendelin","http://dbpedia.org/property/field","http://dbpedia.org/resource/Astronomy","Astronomy","20221213_1"
"http://dbpedia.org/resource/Willebrord_Snellius","http://dbpedia.org/property/field","http://dbpedia.org/resource/Astronomy","Astronomy","20221213_1"
"http://dbpedia.org/resource/Willebrord_Snellius","http://dbpedia.org/property/field","http://dbpedia.org/resource/Mathematics","Mathematics","20221213_1"
"http://dbpedia.org/resource/Godefroy_Wendelin","http://dbpedia.org/property/field","http://dbpedia.org/resource/Meteorology","Meteorology","20221213_1"
"http://dbpedia.org/resource/Godefroy_Wendelin","http://dbpedia.org/property/field","http://dbpedia.org/resource/Patristics","Patristics","20221213_1"
"http://dbpedia.org/resource/Godefroy_Wendelin","http://dbpedia.org/property/field","http://dbpedia.org/resource/Metereology","Metereology","20221213_1"
"http://dbpedia.org/resource/John_Bainbridge_(astronomer)","http://dbpedia.org/property/field","http://dbpedia.org/resource/Astronomy","Astronomy","20221213_1"
"http://dbpedia.org/resource/Deodat_del_Monte","http://dbpedia.org/property/field","http://dbpedia.org/resource/Astronomy","Astronomy","20221213_1"
"http://dbpedia.org/resource/Deodat_del_Monte","http://dbpedia.org/property/field","http://dbpedia.org/resource/Architecture","Architecture","20221213_1"
"http://dbpedia.org/resource/Deodat_del_Monte","http://dbpedia.org/property/field","http://dbpedia.org/resource/Painting","Painting","20221213_1"
"http://dbpedia.org/resource/Niccolò_Zucchi","http://dbpedia.org/property/field","http://dbpedia.org/resource/Astronomy","Astronomy","20221213_1"
"http://dbpedia.org/resource/Peter_Turner_(mathematician)","http://dbpedia.org/property/field","http://dbpedia.org/resource/Mathematician","Mathematician","20221213_1"
"http://dbpedia.org/resource/Johann_Adam_Schall_von_Bell","http://dbpedia.org/property/field","http://dbpedia.org/resource/Astronomy","Astronomy","20221213_1"
"http://dbpedia.org/resource/Johann_Adam_Schall_von_Bell","http://dbpedia.org/property/field","http://dbpedia.org/resource/Religion","Religion","20221213_1"
"http://dbpedia.org/resource/Giovanni_Battista_Riccioli","http://dbpedia.org/property/field","http://dbpedia.org/resource/Astronomy","Astronomy","20221213_1"
"http://dbpedia.org/resource/Bonaventura_Cavalieri","http://dbpedia.org/property/field","http://dbpedia.org/resource/Mathematics","Mathematics","20221213_1"
"http://dbpedia.org/resource/Florimond_de_Beaune","http://dbpedia.org/property/field","http://dbpedia.org/resource/Mathematics","Mathematics","20221213_1"
"http://dbpedia.org/resource/Gilles_de_Roberval","http://dbpedia.org/property/field","http://dbpedia.org/resource/Mathematician","Mathematician","20221213_1"
"http://dbpedia.org/resource/Pierre_de_Fermat","http://dbpedia.org/property/field","http://dbpedia.org/resource/Mathematics","Mathematics","20221213_1"
"http://dbpedia.org/resource/Pierre_de_Fermat","http://dbpedia.org/property/field","http://dbpedia.org/resource/Law","Law","20221213_1"
"http://dbpedia.org/resource/Giovanni_Alfonso_Borelli","http://dbpedia.org/property/field","http://dbpedia.org/resource/Mathematician","Mathematician","20221213_1"
"http://dbpedia.org/resource/Giovanni_Alfonso_Borelli","http://dbpedia.org/property/field","http://dbpedia.org/resource/Physicist","Physicist","20221213_1"
"http://dbpedia.org/resource/Giovanni_Alfonso_Borelli","http://dbpedia.org/property/field","http://dbpedia.org/resource/Physiology","Physiology","20221213_1"
"http://dbpedia.org/resource/Giovanni_Alfonso_Borelli","http://dbpedia.org/property/field","http://dbpedia.org/resource/Physiologist","Physiologist","20221213_1"
"http://dbpedia.org/resource/William_Crabtree","http://dbpedia.org/property/field","http://dbpedia.org/resource/Astronomy","Astronomy","20221213_1"
"http://dbpedia.org/resource/Johannes_Hevelius","http://dbpedia.org/property/field","http://dbpedia.org/resource/Astronomy","Astronomy","20221213_1"
"http://dbpedia.org/resource/Johannes_Hevelius","http://dbpedia.org/property/field","http://dbpedia.org/resource/Brewing","Brewing","20221213_1"
"http://dbpedia.org/resource/Johannes_Hevelius","http://dbpedia.org/property/field","http://dbpedia.org/resource/Jurisprudence","Jurisprudence","20221213_1"
"http://dbpedia.org/resource/John_Pell_(mathematician)","http://dbpedia.org/property/field","http://dbpedia.org/resource/Linguistics","Linguistics","20221213_1"
"http://dbpedia.org/resource/John_Pell_(mathematician)","http://dbpedia.org/property/field","http://dbpedia.org/resource/Mathematician","Mathematician","20221213_1"
"http://dbpedia.org/resource/Frans_van_Schooten","http://dbpedia.org/property/field","http://dbpedia.org/resource/Mathematics","Mathematics","20221213_1"
"http://dbpedia.org/resource/Nicholas_Culpeper","http://dbpedia.org/property/field","http://dbpedia.org/resource/Astrology","Astrology","20221213_1"
"http://dbpedia.org/resource/Nicholas_Culpeper","http://dbpedia.org/property/field","http://dbpedia.org/resource/Herbal_medicine","Herbal medicine","20221213_1"
"http://dbpedia.org/resource/Nicholas_Culpeper","http://dbpedia.org/property/field","http://dbpedia.org/resource/Botany","Botany","20221213_1"
"http://dbpedia.org/resource/Nicholas_Culpeper","http://dbpedia.org/property/field","http://dbpedia.org/resource/Medicine","Medicine","20221213_1"
"http://dbpedia.org/resource/Thomas_Bartholin","http://dbpedia.org/property/field","http://dbpedia.org/resource/Medicine","Medicine","20221213_1"
"http://dbpedia.org/resource/Jonas_Moore","http://dbpedia.org/property/field","http://dbpedia.org/resource/Cadastre","Cadastre","20221213_1"
"http://dbpedia.org/resource/Jeremiah_Horrocks","http://dbpedia.org/property/field","http://dbpedia.org/resource/Astronomy","Astronomy","20221213_1"
"http://dbpedia.org/resource/Jeremiah_Horrocks","http://dbpedia.org/property/field","http://dbpedia.org/resource/Mechanics","Mechanics","20221213_1"
"http://dbpedia.org/resource/Francesco_Maria_Grimaldi","http://dbpedia.org/property/field","http://dbpedia.org/resource/Mathematics","Mathematics","20221213_1"
"http://dbpedia.org/resource/Francesco_Maria_Grimaldi","http://dbpedia.org/property/field","http://dbpedia.org/resource/Physics","Physics","20221213_1"
"http://dbpedia.org/resource/Magnus_Celsius","http://dbpedia.org/property/field","http://dbpedia.org/resource/Astronomy","Astronomy","20221213_1"
"http://dbpedia.org/resource/Magnus_Celsius","http://dbpedia.org/property/field","http://dbpedia.org/resource/Mathematics","Mathematics","20221213_1"
"http://dbpedia.org/resource/Vincenzo_Viviani","http://dbpedia.org/property/field","http://dbpedia.org/resource/Mathematician","Mathematician","20221213_1"
"http://dbpedia.org/resource/Vincenzo_Viviani","http://dbpedia.org/property/field","http://dbpedia.org/resource/Physicist","Physicist","20221213_1"
"http://dbpedia.org/resource/Giovanni_Domenico_Cassini","http://dbpedia.org/property/field","http://dbpedia.org/resource/Astrology","Astrology","20221213_1"
"http://dbpedia.org/resource/Giovanni_Domenico_Cassini","http://dbpedia.org/property/field","http://dbpedia.org/resource/Mathematics","Mathematics","20221213_1"
"http://dbpedia.org/resource/Erhard_Weigel","http://dbpedia.org/property/field","http://dbpedia.org/resource/Mathematician","Mathematician","20221213_1"
"http://dbpedia.org/resource/Erhard_Weigel","http://dbpedia.org/property/field","http://dbpedia.org/resource/Astronomer","Astronomer","20221213_1"
"http://dbpedia.org/resource/Erhard_Weigel","http://dbpedia.org/property/field","http://dbpedia.org/resource/Philosopher","Philosopher","20221213_1"
"http://dbpedia.org/resource/Johannes_Hudde","http://dbpedia.org/property/field","http://dbpedia.org/resource/Mathematics","Mathematics","20221213_1"
"http://dbpedia.org/resource/Richard_Towneley","http://dbpedia.org/property/field","http://dbpedia.org/resource/Astronomy","Astronomy","20221213_1"
"http://dbpedia.org/resource/Richard_Towneley","http://dbpedia.org/property/field","http://dbpedia.org/resource/Mathematics","Mathematics","20221213_1"
"http://dbpedia.org/resource/Richard_Towneley","http://dbpedia.org/property/field","http://dbpedia.org/resource/Natural_philosophy","Natural philosophy","20221213_1"
"http://dbpedia.org/resource/Francis_Willughby","http://dbpedia.org/property/field","http://dbpedia.org/resource/Ornithology","Ornithology","20221213_1"
"http://dbpedia.org/resource/Francis_Willughby","http://dbpedia.org/property/field","http://dbpedia.org/resource/Ichthyology","Ichthyology","20221213_1"
"http://dbpedia.org/resource/Gottfried_Kirch","http://dbpedia.org/property/field","http://dbpedia.org/resource/Astronomy","Astronomy","20221213_1"
"http://dbpedia.org/resource/Philippe_de_La_Hire","http://dbpedia.org/property/field","http://dbpedia.org/resource/Astronomy","Astronomy","20221213_1"
"http://dbpedia.org/resource/Philippe_de_La_Hire","http://dbpedia.org/property/field","http://dbpedia.org/resource/Architecture","Architecture","20221213_1"
"http://dbpedia.org/resource/Philippe_de_La_Hire","http://dbpedia.org/property/field","http://dbpedia.org/resource/Mathematics","Mathematics","20221213_1"
"http://dbpedia.org/resource/Bernard_Lamy","http://dbpedia.org/property/field","http://dbpedia.org/resource/Mathematics","Mathematics","20221213_1"
"http://dbpedia.org/resource/Isaac_Newton","http://dbpedia.org/property/field","http://dbpedia.org/resource/Alchemy","Alchemy","20221213_1"
"http://dbpedia.org/resource/Isaac_Newton","http://dbpedia.org/property/field","http://dbpedia.org/resource/Astronomy","Astronomy","20221213_1"
"http://dbpedia.org/resource/Isaac_Newton","http://dbpedia.org/property/field","http://dbpedia.org/resource/Physics","Physics","20221213_1"
"http://dbpedia.org/resource/Isaac_Newton","http://dbpedia.org/property/field","http://dbpedia.org/resource/Natural_philosophy","Natural philosophy","20221213_1"
"http://dbpedia.org/resource/Seki_Takakazu","http://dbpedia.org/property/field","http://dbpedia.org/resource/Mathematics","Mathematics","20221213_1"
"http://dbpedia.org/resource/Ole_Rømer","http://dbpedia.org/property/field","http://dbpedia.org/resource/Astronomy","Astronomy","20221213_1"
"http://dbpedia.org/resource/Otto_Mencke","http://dbpedia.org/property/field","http://dbpedia.org/resource/Mathematician","Mathematician","20221213_1"
"http://dbpedia.org/resource/Otto_Mencke","http://dbpedia.org/property/field","http://dbpedia.org/resource/Philosopher","Philosopher","20221213_1"
"http://dbpedia.org/resource/John_Flamsteed","http://dbpedia.org/property/field","http://dbpedia.org/resource/Astronomy","Astronomy","20221213_1"
"http://dbpedia.org/resource/Giovanni_Ceva","http://dbpedia.org/property/field","http://dbpedia.org/resource/Geometry","Geometry","20221213_1"
"http://dbpedia.org/resource/Tommaso_Ceva","http://dbpedia.org/property/field","http://dbpedia.org/resource/Mathematics","Mathematics","20221213_1"
"http://dbpedia.org/resource/Michel_Rolle","http://dbpedia.org/property/field","http://dbpedia.org/resource/Mathematics","Mathematics","20221213_1"
"http://dbpedia.org/resource/Pierre_Varignon","http://dbpedia.org/property/field","http://dbpedia.org/resource/Mathematics","Mathematics","20221213_1"
"http://dbpedia.org/resource/Nicolaas_Hartsoeker","http://dbpedia.org/property/field","http://dbpedia.org/resource/Mathematics","Mathematics","20221213_1"
"http://dbpedia.org/resource/Nicolaas_Hartsoeker","http://dbpedia.org/property/field","http://dbpedia.org/resource/Physics","Physics","20221213_1"
"http://dbpedia.org/resource/Nicolaas_Hartsoeker","http://dbpedia.org/property/field","http://dbpedia.org/resource/Biology","Biology","20221213_1"
"http://dbpedia.org/resource/Sébastien_Truchet","http://dbpedia.org/property/field","http://dbpedia.org/resource/Mathematics","Mathematics","20221213_1"
"http://dbpedia.org/resource/Sébastien_Truchet","http://dbpedia.org/property/field","http://dbpedia.org/resource/Graphics","Graphics","20221213_1"
"http://dbpedia.org/resource/Sébastien_Truchet","http://dbpedia.org/property/field","http://dbpedia.org/resource/Hydraulics","Hydraulics","20221213_1"
"http://dbpedia.org/resource/Sébastien_Truchet","http://dbpedia.org/property/field","http://dbpedia.org/resource/Typography","Typography","20221213_1"
"http://dbpedia.org/resource/Thomas_Fantet_de_Lagny","http://dbpedia.org/property/field","http://dbpedia.org/resource/Mathematics","Mathematics","20221213_1"
"http://dbpedia.org/resource/Guillaume_de_l'Hôpital","http://dbpedia.org/property/field","http://dbpedia.org/resource/Mathematician","Mathematician","20221213_1"
"http://dbpedia.org/resource/John_Craig_(mathematician)","http://dbpedia.org/property/field","http://dbpedia.org/resource/Mathematician","Mathematician","20221213_1"
"http://dbpedia.org/resource/Abraham_de_Moivre","http://dbpedia.org/property/field","http://dbpedia.org/resource/Mathematics","Mathematics","20221213_1"
"http://dbpedia.org/resource/William_Whiston","http://dbpedia.org/property/field","http://dbpedia.org/resource/Mathematics","Mathematics","20221213_1"
"http://dbpedia.org/resource/Johann_Bernoulli","http://dbpedia.org/property/field","http://dbpedia.org/resource/Mathematics","Mathematics","20221213_1"
"http://dbpedia.org/resource/Maria_Margaretha_Kirch","http://dbpedia.org/property/field","http://dbpedia.org/resource/Astronomy","Astronomy","20221213_1"
"http://dbpedia.org/resource/Maria_Margaretha_Kirch","http://dbpedia.org/property/field","http://dbpedia.org/resource/Mathematics","Mathematics","20221213_1"
"http://dbpedia.org/resource/John_Keill","http://dbpedia.org/property/field","http://dbpedia.org/resource/Astronomer","Astronomer","20221213_1"
"http://dbpedia.org/resource/Jacopo_Riccati","http://dbpedia.org/property/field","http://dbpedia.org/resource/Mathematician","Mathematician","20221213_1"
"http://dbpedia.org/resource/Jacques_Cassini","http://dbpedia.org/property/field","http://dbpedia.org/resource/Astronomy","Astronomy","20221213_1"
"http://dbpedia.org/resource/Jean-Jacques_d'Ortous_de_Mairan","http://dbpedia.org/property/field","http://dbpedia.org/resource/Astronomy","Astronomy","20221213_1"
"http://dbpedia.org/resource/Jean-Jacques_d'Ortous_de_Mairan","http://dbpedia.org/property/field","http://dbpedia.org/resource/Geophysics","Geophysics","20221213_1"
"http://dbpedia.org/resource/Jean-Jacques_d'Ortous_de_Mairan","http://dbpedia.org/property/field","http://dbpedia.org/resource/Chronobiology","Chronobiology","20221213_1"
"http://dbpedia.org/resource/Pierre_Remond_de_Montmort","http://dbpedia.org/property/field","http://dbpedia.org/resource/Mathematics","Mathematics","20221213_1"
"http://dbpedia.org/resource/Peder_Horrebow","http://dbpedia.org/property/field","http://dbpedia.org/resource/Astronomy","Astronomy","20221213_1"
"http://dbpedia.org/resource/Johann_Wilhelm_Wagner","http://dbpedia.org/property/field","http://dbpedia.org/resource/Astronomy","Astronomy","20221213_1"
"http://dbpedia.org/resource/Roger_Cotes","http://dbpedia.org/property/field","http://dbpedia.org/resource/Mathematician","Mathematician","20221213_1"
"http://dbpedia.org/resource/Brook_Taylor","http://dbpedia.org/property/field","http://dbpedia.org/resource/Mathematics","Mathematics","20221213_1"
"http://dbpedia.org/resource/Niccolò_Gianpriamo","http://dbpedia.org/property/field","http://dbpedia.org/resource/Missionary","Missionary","20221213_1"
"http://dbpedia.org/resource/Niccolò_Gianpriamo","http://dbpedia.org/property/field","http://dbpedia.org/resource/Astronomy","Astronomy","20221213_1"
"http://dbpedia.org/resource/Niccolò_Gianpriamo","http://dbpedia.org/property/field","http://dbpedia.org/resource/Mathematics","Mathematics","20221213_1"
"http://dbpedia.org/resource/Niccolò_Gianpriamo","http://dbpedia.org/property/field","http://dbpedia.org/resource/Theology","Theology","20221213_1"
"http://dbpedia.org/resource/Joseph-Nicolas_Delisle","http://dbpedia.org/property/field","http://dbpedia.org/resource/Astronomy","Astronomy","20221213_1"
"http://dbpedia.org/resource/Joseph-Nicolas_Delisle","http://dbpedia.org/property/field","http://dbpedia.org/resource/Mathematics","Mathematics","20221213_1"
"http://dbpedia.org/resource/Samuel_Molyneux","http://dbpedia.org/property/field","http://dbpedia.org/resource/Astronomy","Astronomy","20221213_1"
"http://dbpedia.org/resource/Christian_Goldbach","http://dbpedia.org/property/field","http://dbpedia.org/resource/Mathematics","Mathematics","20221213_1"
"http://dbpedia.org/resource/Christian_Goldbach","http://dbpedia.org/property/field","http://dbpedia.org/resource/Law","Law","20221213_1"
"http://dbpedia.org/resource/Christian_August_Hausen","http://dbpedia.org/property/field","http://dbpedia.org/resource/Mathematics","Mathematics","20221213_1"
"http://dbpedia.org/resource/Christian_August_Hausen","http://dbpedia.org/property/field","http://dbpedia.org/resource/Physics","Physics","20221213_1"
"http://dbpedia.org/resource/Christfried_Kirch","http://dbpedia.org/property/field","http://dbpedia.org/resource/Astronomy","Astronomy","20221213_1"
"http://dbpedia.org/resource/Balanos_Vasilopoulos","http://dbpedia.org/property/field","http://dbpedia.org/resource/Mathematician","Mathematician","20221213_1"
"http://dbpedia.org/resource/Pierre_Louis_Maupertuis","http://dbpedia.org/property/field","http://dbpedia.org/resource/Astronomy","Astronomy","20221213_1"
"http://dbpedia.org/resource/Pierre_Louis_Maupertuis","http://dbpedia.org/property/field","http://dbpedia.org/resource/Ethics","Ethics","20221213_1"
"http://dbpedia.org/resource/Pierre_Louis_Maupertuis","http://dbpedia.org/property/field","http://dbpedia.org/resource/Mathematics","Mathematics","20221213_1"
"http://dbpedia.org/resource/Pierre_Louis_Maupertuis","http://dbpedia.org/property/field","http://dbpedia.org/resource/Metaphysic","Metaphysic","20221213_1"
"http://dbpedia.org/resource/Pierre_Louis_Maupertuis","http://dbpedia.org/property/field","http://dbpedia.org/resource/Metaphysics","Metaphysics","20221213_1"
"http://dbpedia.org/resource/Pierre_Louis_Maupertuis","http://dbpedia.org/property/field","http://dbpedia.org/resource/Physics","Physics","20221213_1"
"http://dbpedia.org/resource/Pierre_Louis_Maupertuis","http://dbpedia.org/property/field","http://dbpedia.org/resource/Biology","Biology","20221213_1"
"http://dbpedia.org/resource/Pierre_Louis_Maupertuis","http://dbpedia.org/property/field","http://dbpedia.org/resource/Geography","Geography","20221213_1"
"http://dbpedia.org/resource/Pierre_Louis_Maupertuis","http://dbpedia.org/property/field","http://dbpedia.org/resource/Moral_philosophy","Moral philosophy","20221213_1"
"http://dbpedia.org/resource/Nathaniel_Bliss","http://dbpedia.org/property/field","http://dbpedia.org/resource/Astronomy","Astronomy","20221213_1"
"http://dbpedia.org/resource/Nathaniel_Bliss","http://dbpedia.org/property/field","http://dbpedia.org/resource/Mathematics","Mathematics","20221213_1"
"http://dbpedia.org/resource/Daniel_Bernoulli","http://dbpedia.org/property/field","http://dbpedia.org/resource/Mathematics","Mathematics","20221213_1"
"http://dbpedia.org/resource/Daniel_Bernoulli","http://dbpedia.org/property/field","http://dbpedia.org/resource/Medicine","Medicine","20221213_1"
"http://dbpedia.org/resource/Daniel_Bernoulli","http://dbpedia.org/property/field","http://dbpedia.org/resource/Physics","Physics","20221213_1"
"http://dbpedia.org/resource/Charles_Haros","http://dbpedia.org/property/field","http://dbpedia.org/resource/Mathematics","Mathematics","20221213_1"
"http://dbpedia.org/resource/Anders_Celsius","http://dbpedia.org/property/field","http://dbpedia.org/resource/Astronomy","Astronomy","20221213_1"
"http://dbpedia.org/resource/Anders_Celsius","http://dbpedia.org/property/field","http://dbpedia.org/resource/Geology","Geology","20221213_1"
"http://dbpedia.org/resource/Anders_Celsius","http://dbpedia.org/property/field","http://dbpedia.org/resource/Mathematics","Mathematics","20221213_1"
"http://dbpedia.org/resource/Anders_Celsius","http://dbpedia.org/property/field","http://dbpedia.org/resource/Physics","Physics","20221213_1"
"http://dbpedia.org/resource/William_Emerson_(mathematician)","http://dbpedia.org/property/field","http://dbpedia.org/resource/Mathematics","Mathematics","20221213_1"
"http://dbpedia.org/resource/Ferdinand_Augustin_Hallerstein","http://dbpedia.org/property/field","http://dbpedia.org/resource/Demography","Demography","20221213_1"
"http://dbpedia.org/resource/Ferdinand_Augustin_Hallerstein","http://dbpedia.org/property/field","http://dbpedia.org/resource/Astronomy","Astronomy","20221213_1"
"http://dbpedia.org/resource/Ferdinand_Augustin_Hallerstein","http://dbpedia.org/property/field","http://dbpedia.org/resource/Mathematics","Mathematics","20221213_1"
"http://dbpedia.org/resource/Louis_Godin","http://dbpedia.org/property/field","http://dbpedia.org/resource/Astronomy","Astronomy","20221213_1"
"http://dbpedia.org/resource/Gabriel_Cramer","http://dbpedia.org/property/field","http://dbpedia.org/resource/Mathematics","Mathematics","20221213_1"
"http://dbpedia.org/resource/Gabriel_Cramer","http://dbpedia.org/property/field","http://dbpedia.org/resource/Physics","Physics","20221213_1"
"http://dbpedia.org/resource/Émilie_du_Châtelet","http://dbpedia.org/property/field","http://dbpedia.org/resource/Mathematics","Mathematics","20221213_1"
"http://dbpedia.org/resource/Émilie_du_Châtelet","http://dbpedia.org/property/field","http://dbpedia.org/resource/Physics","Physics","20221213_1"
"http://dbpedia.org/resource/Émilie_du_Châtelet","http://dbpedia.org/property/field","http://dbpedia.org/resource/Natural_philosophy","Natural philosophy","20221213_1"
"http://dbpedia.org/resource/Pietro_De_Martino","http://dbpedia.org/property/field","http://dbpedia.org/resource/Astronomy","Astronomy","20221213_1"
"http://dbpedia.org/resource/Pietro_De_Martino","http://dbpedia.org/property/field","http://dbpedia.org/resource/Mathematics","Mathematics","20221213_1"
"http://dbpedia.org/resource/Leonhard_Euler","http://dbpedia.org/property/field","http://dbpedia.org/resource/Mathematics","Mathematics","20221213_1"
"http://dbpedia.org/resource/Leonhard_Euler","http://dbpedia.org/property/field","http://dbpedia.org/resource/Physics","Physics","20221213_1"
"http://dbpedia.org/resource/Georges-Louis_Leclerc,_Comte_de_Buffon","http://dbpedia.org/property/field","http://dbpedia.org/resource/Natural_history","Natural history","20221213_1"
"http://dbpedia.org/resource/Vincenzo_Riccati","http://dbpedia.org/property/field","http://dbpedia.org/resource/Mathematician","Mathematician","20221213_1"
"http://dbpedia.org/resource/Vincenzo_Riccati","http://dbpedia.org/property/field","http://dbpedia.org/resource/Physicist","Physicist","20221213_1"
"http://dbpedia.org/resource/James_Short_(mathematician)","http://dbpedia.org/property/field","http://dbpedia.org/resource/Mathematics","Mathematics","20221213_1"
"http://dbpedia.org/resource/Stephen_Whisson","http://dbpedia.org/property/field","http://dbpedia.org/resource/Mathematician","Mathematician","20221213_1"
"http://dbpedia.org/resource/Roger_Joseph_Boscovich","http://dbpedia.org/property/field","http://dbpedia.org/resource/Astronomy","Astronomy","20221213_1"
"http://dbpedia.org/resource/Roger_Joseph_Boscovich","http://dbpedia.org/property/field","http://dbpedia.org/resource/Mathematics","Mathematics","20221213_1"
"http://dbpedia.org/resource/Roger_Joseph_Boscovich","http://dbpedia.org/property/field","http://dbpedia.org/resource/Physics","Physics","20221213_1"
"http://dbpedia.org/resource/Roger_Joseph_Boscovich","http://dbpedia.org/property/field","http://dbpedia.org/resource/Natural_philosophy","Natural philosophy","20221213_1"
"http://dbpedia.org/resource/Roger_Joseph_Boscovich","http://dbpedia.org/property/field","http://dbpedia.org/resource/Theology","Theology","20221213_1"
"http://dbpedia.org/resource/Johann_Samuel_König","http://dbpedia.org/property/field","http://dbpedia.org/resource/Mathematics","Mathematics","20221213_1"
"http://dbpedia.org/resource/Nicolas-Louis_de_Lacaille","http://dbpedia.org/property/field","http://dbpedia.org/resource/Astronomy","Astronomy","20221213_1"
"http://dbpedia.org/resource/Alexis_Clairaut","http://dbpedia.org/property/field","http://dbpedia.org/resource/Mathematics","Mathematics","20221213_1"
"http://dbpedia.org/resource/Jorge_Juan_y_Santacilia","http://dbpedia.org/property/field","http://dbpedia.org/resource/Astronomy","Astronomy","20221213_1"
"http://dbpedia.org/resource/Jorge_Juan_y_Santacilia","http://dbpedia.org/property/field","http://dbpedia.org/resource/Mathematics","Mathematics","20221213_1"
"http://dbpedia.org/resource/César-François_Cassini_de_Thury","http://dbpedia.org/property/field","http://dbpedia.org/resource/Cartography","Cartography","20221213_1"
"http://dbpedia.org/resource/César-François_Cassini_de_Thury","http://dbpedia.org/property/field","http://dbpedia.org/resource/Astronomy","Astronomy","20221213_1"
"http://dbpedia.org/resource/Antonio_de_Ulloa","http://dbpedia.org/property/field","http://dbpedia.org/resource/Astronomy","Astronomy","20221213_1"
"http://dbpedia.org/resource/Antonio_de_Ulloa","http://dbpedia.org/property/field","http://dbpedia.org/resource/Natural_history","Natural history","20221213_1"
"http://dbpedia.org/resource/Antonio_de_Ulloa","http://dbpedia.org/property/field","http://dbpedia.org/resource/Metallurgy","Metallurgy","20221213_1"
"http://dbpedia.org/resource/Jean_le_Rond_d'Alembert","http://dbpedia.org/property/field","http://dbpedia.org/resource/Mathematics","Mathematics","20221213_1"
"http://dbpedia.org/resource/Jean_le_Rond_d'Alembert","http://dbpedia.org/property/field","http://dbpedia.org/resource/Mechanics","Mechanics","20221213_1"
"http://dbpedia.org/resource/Jean_le_Rond_d'Alembert","http://dbpedia.org/property/field","http://dbpedia.org/resource/Physics","Physics","20221213_1"
"http://dbpedia.org/resource/Jean_le_Rond_d'Alembert","http://dbpedia.org/property/field","http://dbpedia.org/resource/Philosophy","Philosophy","20221213_1"
"http://dbpedia.org/resource/Maria_Gaetana_Agnesi","http://dbpedia.org/property/field","http://dbpedia.org/resource/Mathematics","Mathematics","20221213_1"
"http://dbpedia.org/resource/Abraham_Gotthelf_Kästner","http://dbpedia.org/property/field","http://dbpedia.org/resource/Mathematics","Mathematics","20221213_1"
"http://dbpedia.org/resource/Maximilian_Hell","http://dbpedia.org/property/field","http://dbpedia.org/resource/Astronomy","Astronomy","20221213_1"
"http://dbpedia.org/resource/Jean-Baptiste_Chappe_d'Auteroche","http://dbpedia.org/property/field","http://dbpedia.org/resource/Astronomy","Astronomy","20221213_1"
"http://dbpedia.org/resource/Tobias_Mayer","http://dbpedia.org/property/field","http://dbpedia.org/resource/Astronomy","Astronomy","20221213_1"
"http://dbpedia.org/resource/John_Michell","http://dbpedia.org/property/field","http://dbpedia.org/resource/Geology","Geology","20221213_1"
"http://dbpedia.org/resource/John_Michell","http://dbpedia.org/property/field","http://dbpedia.org/resource/Physics","Physics","20221213_1"
"http://dbpedia.org/resource/Franz_Aepinus","http://dbpedia.org/property/field","http://dbpedia.org/resource/Astronomy","Astronomy","20221213_1"
"http://dbpedia.org/resource/Franz_Aepinus","http://dbpedia.org/property/field","http://dbpedia.org/resource/Electricity","Electricity","20221213_1"
"http://dbpedia.org/resource/Franz_Aepinus","http://dbpedia.org/property/field","http://dbpedia.org/resource/Magnetism","Magnetism","20221213_1"
"http://dbpedia.org/resource/Edme-Sébastien_Jeaurat","http://dbpedia.org/property/field","http://dbpedia.org/resource/Astronomy","Astronomy","20221213_1"
"http://dbpedia.org/resource/August_Nathanael_Grischow","http://dbpedia.org/property/field","http://dbpedia.org/resource/Astronomy","Astronomy","20221213_1"
"http://dbpedia.org/resource/August_Nathanael_Grischow","http://dbpedia.org/property/field","http://dbpedia.org/resource/Mathematics","Mathematics","20221213_1"
"http://dbpedia.org/resource/Johann_Heinrich_Lambert","http://dbpedia.org/property/field","http://dbpedia.org/resource/Mathematician","Mathematician","20221213_1"
"http://dbpedia.org/resource/Johann_Heinrich_Lambert","http://dbpedia.org/property/field","http://dbpedia.org/resource/Astronomer","Astronomer","20221213_1"
"http://dbpedia.org/resource/Johann_Heinrich_Lambert","http://dbpedia.org/property/field","http://dbpedia.org/resource/Physicist","Physicist","20221213_1"
"http://dbpedia.org/resource/Johann_Heinrich_Lambert","http://dbpedia.org/property/field","http://dbpedia.org/resource/Philosopher","Philosopher","20221213_1"
"http://dbpedia.org/resource/Paolo_Frisi","http://dbpedia.org/property/field","http://dbpedia.org/resource/Astronomy","Astronomy","20221213_1"
"http://dbpedia.org/resource/Johann_Daniel_Titius","http://dbpedia.org/property/field","http://dbpedia.org/resource/Astronomy","Astronomy","20221213_1"
"http://dbpedia.org/resource/Johann_Daniel_Titius","http://dbpedia.org/property/field","http://dbpedia.org/resource/Physics","Physics","20221213_1"
"http://dbpedia.org/resource/Johann_Daniel_Titius","http://dbpedia.org/property/field","http://dbpedia.org/resource/Biology","Biology","20221213_1"
"http://dbpedia.org/resource/Charles_Messier","http://dbpedia.org/property/field","http://dbpedia.org/resource/Astronomy","Astronomy","20221213_1"
"http://dbpedia.org/resource/Charles_Bossut","http://dbpedia.org/property/field","http://dbpedia.org/resource/Mathematics","Mathematics","20221213_1"
"http://dbpedia.org/resource/Étienne_Bézout","http://dbpedia.org/property/field","http://dbpedia.org/resource/Mathematics","Mathematics","20221213_1"
"http://dbpedia.org/resource/Francis_Wollaston_(astronomer)","http://dbpedia.org/property/field","http://dbpedia.org/resource/Astronomy","Astronomy","20221213_1"
"http://dbpedia.org/resource/Thomas_Postlethwaite","http://dbpedia.org/property/field","http://dbpedia.org/resource/Mathematician","Mathematician","20221213_1"
"http://dbpedia.org/resource/Nevil_Maskelyne","http://dbpedia.org/property/field","http://dbpedia.org/resource/Astronomy","Astronomy","20221213_1"
"http://dbpedia.org/resource/Jérôme_Lalande","http://dbpedia.org/property/field","http://dbpedia.org/resource/Astronomy","Astronomy","20221213_1"
"http://dbpedia.org/resource/José_Celestino_Mutis","http://dbpedia.org/property/field","http://dbpedia.org/resource/Artist","Artist","20221213_1"
"http://dbpedia.org/resource/José_Celestino_Mutis","http://dbpedia.org/property/field","http://dbpedia.org/resource/Priest","Priest","20221213_1"
"http://dbpedia.org/resource/José_Celestino_Mutis","http://dbpedia.org/property/field","http://dbpedia.org/resource/Botanist","Botanist","20221213_1"
"http://dbpedia.org/resource/José_Celestino_Mutis","http://dbpedia.org/property/field","http://dbpedia.org/resource/Botany","Botany","20221213_1"
"http://dbpedia.org/resource/Wenceslaus_Johann_Gustav_Karsten","http://dbpedia.org/property/field","http://dbpedia.org/resource/Mathematics","Mathematics","20221213_1"
"http://dbpedia.org/resource/José_Celestino_Mutis","http://dbpedia.org/property/field","http://dbpedia.org/resource/Mathematician","Mathematician","20221213_1"
"http://dbpedia.org/resource/Jeremiah_Dixon","http://dbpedia.org/property/field","http://dbpedia.org/resource/Astronomy","Astronomy","20221213_1"
"http://dbpedia.org/resource/Jeremiah_Dixon","http://dbpedia.org/property/field","http://dbpedia.org/resource/Surveying","Surveying","20221213_1"
"http://dbpedia.org/resource/Jean-Charles_de_Borda","http://dbpedia.org/property/field","http://dbpedia.org/resource/Mathematics","Mathematics","20221213_1"
"http://dbpedia.org/resource/John_Dawson_(surgeon)","http://dbpedia.org/property/field","http://dbpedia.org/resource/Mathematician","Mathematician","20221213_1"
"http://dbpedia.org/resource/John_Dawson_(surgeon)","http://dbpedia.org/property/field","http://dbpedia.org/resource/Physician","Physician","20221213_1"
"http://dbpedia.org/resource/Gregorio_Fontana","http://dbpedia.org/property/field","http://dbpedia.org/resource/Geometry","Geometry","20221213_1"
"http://dbpedia.org/resource/Antonio_Maria_Lorgna","http://dbpedia.org/property/field","http://dbpedia.org/resource/Engineering","Engineering","20221213_1"
"http://dbpedia.org/resource/Antonio_Maria_Lorgna","http://dbpedia.org/property/field","http://dbpedia.org/resource/Mathematics","Mathematics","20221213_1"
"http://dbpedia.org/resource/Jesse_Ramsden","http://dbpedia.org/property/field","http://dbpedia.org/resource/Astronomy","Astronomy","20221213_1"
"http://dbpedia.org/resource/Jesse_Ramsden","http://dbpedia.org/property/field","http://dbpedia.org/resource/Optics","Optics","20221213_1"
"http://dbpedia.org/resource/Joseph-Louis_Lagrange","http://dbpedia.org/property/field","http://dbpedia.org/resource/Astronomy","Astronomy","20221213_1"
"http://dbpedia.org/resource/Joseph-Louis_Lagrange","http://dbpedia.org/property/field","http://dbpedia.org/resource/Mathematics","Mathematics","20221213_1"
"http://dbpedia.org/resource/Joseph-Louis_Lagrange","http://dbpedia.org/property/field","http://dbpedia.org/resource/Mechanics","Mechanics","20221213_1"
"http://dbpedia.org/resource/Charles_Hutton","http://dbpedia.org/property/field","http://dbpedia.org/resource/Mathematics","Mathematics","20221213_1"
"http://dbpedia.org/resource/Nicolas_Vilant","http://dbpedia.org/property/field","http://dbpedia.org/resource/Mathematics","Mathematics","20221213_1"
"http://dbpedia.org/resource/William_Herschel","http://dbpedia.org/property/field","http://dbpedia.org/resource/Astronomy","Astronomy","20221213_1"
"http://dbpedia.org/resource/William_Herschel","http://dbpedia.org/property/field","http://dbpedia.org/resource/Music","Music","20221213_1"
"http://dbpedia.org/resource/Israel_Lyons","http://dbpedia.org/property/field","http://dbpedia.org/resource/Botany","Botany","20221213_1"
"http://dbpedia.org/resource/Israel_Lyons","http://dbpedia.org/property/field","http://dbpedia.org/resource/Mathematician","Mathematician","20221213_1"
"http://dbpedia.org/resource/Jacques-André_Mallet","http://dbpedia.org/property/field","http://dbpedia.org/resource/Astronomy","Astronomy","20221213_1"
"http://dbpedia.org/resource/Jacques-André_Mallet","http://dbpedia.org/property/field","http://dbpedia.org/resource/Mathematics","Mathematics","20221213_1"
"http://dbpedia.org/resource/Anders_Johan_Lexell","http://dbpedia.org/property/field","http://dbpedia.org/resource/Mathematician","Mathematician","20221213_1"
"http://dbpedia.org/resource/Anders_Johan_Lexell","http://dbpedia.org/property/field","http://dbpedia.org/resource/Astronomer","Astronomer","20221213_1"
"http://dbpedia.org/resource/Anders_Johan_Lexell","http://dbpedia.org/property/field","http://dbpedia.org/resource/Physicist","Physicist","20221213_1"
"http://dbpedia.org/resource/Robert_Hamilton_(economist)","http://dbpedia.org/property/field","http://dbpedia.org/resource/Political_economy","Political economy","20221213_1"
"http://dbpedia.org/resource/Pierre_Méchain","http://dbpedia.org/property/field","http://dbpedia.org/resource/Astronomy","Astronomy","20221213_1"
"http://dbpedia.org/resource/Caspar_Wessel","http://dbpedia.org/property/field","http://dbpedia.org/resource/Mathematics","Mathematics","20221213_1"
"http://dbpedia.org/resource/Giuseppe_Piazzi","http://dbpedia.org/property/field","http://dbpedia.org/resource/Astronomy","Astronomy","20221213_1"
"http://dbpedia.org/resource/William_Trail","http://dbpedia.org/property/field","http://dbpedia.org/resource/Mathematics","Mathematics","20221213_1"
"http://dbpedia.org/resource/Jacques_Charles","http://dbpedia.org/property/field","http://dbpedia.org/resource/Mathematics","Mathematics","20221213_1"
"http://dbpedia.org/resource/Jacques_Charles","http://dbpedia.org/property/field","http://dbpedia.org/resource/Hot_air_ballooning","Hot air ballooning","20221213_1"
"http://dbpedia.org/resource/Jacques_Charles","http://dbpedia.org/property/field","http://dbpedia.org/resource/Physics","Physics","20221213_1"
"http://dbpedia.org/resource/John_Cranke","http://dbpedia.org/property/field","http://dbpedia.org/resource/Mathematician","Mathematician","20221213_1"
"http://dbpedia.org/resource/Johann_Elert_Bode","http://dbpedia.org/property/field","http://dbpedia.org/resource/Astronomy","Astronomy","20221213_1"
"http://dbpedia.org/resource/Pietro_Cossali","http://dbpedia.org/property/field","http://dbpedia.org/resource/Astronomy","Astronomy","20221213_1"
"http://dbpedia.org/resource/Pietro_Cossali","http://dbpedia.org/property/field","http://dbpedia.org/resource/History_of_mathematics","History of mathematics","20221213_1"
"http://dbpedia.org/resource/Charles_de_Tinseau_d'Amondans","http://dbpedia.org/property/field","http://dbpedia.org/resource/Politics","Politics","20221213_1"
"http://dbpedia.org/resource/Charles_de_Tinseau_d'Amondans","http://dbpedia.org/property/field","http://dbpedia.org/resource/Mathematics","Mathematics","20221213_1"
"http://dbpedia.org/resource/Jean_Baptiste_Joseph_Delambre","http://dbpedia.org/property/field","http://dbpedia.org/resource/Astronomy","Astronomy","20221213_1"
"http://dbpedia.org/resource/Pierre-Simon_Laplace","http://dbpedia.org/property/field","http://dbpedia.org/resource/Astronomy","Astronomy","20221213_1"
"http://dbpedia.org/resource/Pierre-Simon_Laplace","http://dbpedia.org/property/field","http://dbpedia.org/resource/Mathematics","Mathematics","20221213_1"
"http://dbpedia.org/resource/Caroline_Herschel","http://dbpedia.org/property/field","http://dbpedia.org/resource/Astronomy","Astronomy","20221213_1"
"http://dbpedia.org/resource/Isaac_Milner","http://dbpedia.org/property/field","http://dbpedia.org/resource/Chemist","Chemist","20221213_1"
"http://dbpedia.org/resource/Barnaba_Oriani","http://dbpedia.org/property/field","http://dbpedia.org/resource/Astronomy","Astronomy","20221213_1"
"http://dbpedia.org/resource/Edward_Pigott","http://dbpedia.org/property/field","http://dbpedia.org/resource/Astronomy","Astronomy","20221213_1"
"http://dbpedia.org/resource/Nicola_Fergola","http://dbpedia.org/property/field","http://dbpedia.org/resource/Mathematics","Mathematics","20221213_1"
"http://dbpedia.org/resource/Franz_Xaver_von_Zach","http://dbpedia.org/property/field","http://dbpedia.org/resource/Astronomy","Astronomy","20221213_1"
"http://dbpedia.org/resource/Gaspard_de_Prony","http://dbpedia.org/property/field","http://dbpedia.org/resource/Mathematics","Mathematics","20221213_1"
"http://dbpedia.org/resource/Marc-Antoine_Parseval","http://dbpedia.org/property/field","http://dbpedia.org/resource/Mathematics","Mathematics","20221213_1"
"http://dbpedia.org/resource/Nicolas_Fuss","http://dbpedia.org/property/field","http://dbpedia.org/resource/Mathematics","Mathematics","20221213_1"
"http://dbpedia.org/resource/Gaspard_de_Prony","http://dbpedia.org/property/field","http://dbpedia.org/resource/Hydraulics","Hydraulics","20221213_1"
"http://dbpedia.org/resource/Ernst_Chladni","http://dbpedia.org/property/field","http://dbpedia.org/resource/Physics","Physics","20221213_1"
"http://dbpedia.org/resource/John_West_(mathematician)","http://dbpedia.org/property/field","http://dbpedia.org/resource/Mathematics","Mathematics","20221213_1"
"http://dbpedia.org/resource/Thomas_Jones_(mathematician)","http://dbpedia.org/property/field","http://dbpedia.org/resource/Mathematician","Mathematician","20221213_1"
"http://dbpedia.org/resource/Heinrich_Wilhelm_Matthias_Olbers","http://dbpedia.org/property/field","http://dbpedia.org/resource/Astronomy","Astronomy","20221213_1"
"http://dbpedia.org/resource/Heinrich_Wilhelm_Matthias_Olbers","http://dbpedia.org/property/field","http://dbpedia.org/resource/Medicine","Medicine","20221213_1"
"http://dbpedia.org/resource/Louis_François_Antoine_Arbogast","http://dbpedia.org/property/field","http://dbpedia.org/resource/Mathematical_analysis","Mathematical analysis","20221213_1"
"http://dbpedia.org/resource/Pietro_Paoli","http://dbpedia.org/property/field","http://dbpedia.org/resource/Mathematics","Mathematics","20221213_1"
"http://dbpedia.org/resource/Auguste-Savinien_Leblond","http://dbpedia.org/property/field","http://dbpedia.org/resource/Mathematics","Mathematics","20221213_1"
"http://dbpedia.org/resource/Jean-Louis_Pons","http://dbpedia.org/property/field","http://dbpedia.org/resource/Astronomy","Astronomy","20221213_1"
"http://dbpedia.org/resource/Josef_de_Mendoza_y_Ríos","http://dbpedia.org/property/field","http://dbpedia.org/resource/Navigation","Navigation","20221213_1"
"http://dbpedia.org/resource/José_Joaquín_de_Ferrer","http://dbpedia.org/property/field","http://dbpedia.org/resource/Cartography","Cartography","20221213_1"
"http://dbpedia.org/resource/José_Joaquín_de_Ferrer","http://dbpedia.org/property/field","http://dbpedia.org/resource/Astronomy","Astronomy","20221213_1"
"http://dbpedia.org/resource/José_Joaquín_de_Ferrer","http://dbpedia.org/property/field","http://dbpedia.org/resource/Navigation","Navigation","20221213_1"
"http://dbpedia.org/resource/José_Joaquín_de_Ferrer","http://dbpedia.org/property/field","http://dbpedia.org/resource/Mathematics","Mathematics","20221213_1"
"http://dbpedia.org/resource/John_Goodricke","http://dbpedia.org/property/field","http://dbpedia.org/resource/Astronomy","Astronomy","20221213_1"
"http://dbpedia.org/resource/Pierre-Simon_Girard","http://dbpedia.org/property/field","http://dbpedia.org/resource/Engineering","Engineering","20221213_1"
"http://dbpedia.org/resource/James_Ivory_(mathematician)","http://dbpedia.org/property/field","http://dbpedia.org/resource/Mathematics","Mathematics","20221213_1"
"http://dbpedia.org/resource/Paolo_Ruffini","http://dbpedia.org/property/field","http://dbpedia.org/resource/Mathematics","Mathematics","20221213_1"
"http://dbpedia.org/resource/Sylvestre_François_Lacroix","http://dbpedia.org/property/field","http://dbpedia.org/resource/Mathematics","Mathematics","20221213_1"
"http://dbpedia.org/resource/Pierre-Simon_Girard","http://dbpedia.org/property/field","http://dbpedia.org/resource/Mathematics","Mathematics","20221213_1"
"http://dbpedia.org/resource/James_Ivory_(mathematician)","http://dbpedia.org/property/field","http://dbpedia.org/resource/Theology","Theology","20221213_1"
"http://dbpedia.org/resource/Johann_Friedrich_Pfaff","http://dbpedia.org/property/field","http://dbpedia.org/resource/Mathematics","Mathematics","20221213_1"
"http://dbpedia.org/resource/John_Leslie_(physicist)","http://dbpedia.org/property/field","http://dbpedia.org/resource/Physics","Physics","20221213_1"
"http://dbpedia.org/resource/Alexis_Bouvard","http://dbpedia.org/property/field","http://dbpedia.org/resource/Astronomy","Astronomy","20221213_1"
"http://dbpedia.org/resource/John_Pond","http://dbpedia.org/property/field","http://dbpedia.org/resource/Astronomy","Astronomy","20221213_1"
"http://dbpedia.org/resource/Jean-Robert_Argand","http://dbpedia.org/property/field","http://dbpedia.org/resource/Mathematics","Mathematics","20221213_1"
"http://dbpedia.org/resource/Vincenzo_Brunacci","http://dbpedia.org/property/field","http://dbpedia.org/resource/Mathematics","Mathematics","20221213_1"
"http://dbpedia.org/resource/Joseph_Fourier","http://dbpedia.org/property/field","http://dbpedia.org/resource/Historian","Historian","20221213_1"
"http://dbpedia.org/resource/Joseph_Fourier","http://dbpedia.org/property/field","http://dbpedia.org/resource/Mathematician","Mathematician","20221213_1"
"http://dbpedia.org/resource/François_Français","http://dbpedia.org/property/field","http://dbpedia.org/resource/Mathematician","Mathematician","20221213_1"
"http://dbpedia.org/resource/Joseph_Fourier","http://dbpedia.org/property/field","http://dbpedia.org/resource/Physicist","Physicist","20221213_1"
"http://dbpedia.org/resource/Li_Rui_(mathematician)","http://dbpedia.org/property/field","http://dbpedia.org/resource/Mathematics","Mathematics","20221213_1"
"http://dbpedia.org/resource/Johann_Christian_Martin_Bartels","http://dbpedia.org/property/field","http://dbpedia.org/resource/Geometry","Geometry","20221213_1"
"http://dbpedia.org/resource/Jean_Nicolas_Pierre_Hachette","http://dbpedia.org/property/field","http://dbpedia.org/resource/Mathematics","Mathematics","20221213_1"
